subject,count,link
"robinson, frank b.",17,"https://collectionbuilder.github.io/collectionbuilder-contentdm/browse.html#robinson,%20frank%20b."
"moscow, idaho",17,"https://collectionbuilder.github.io/collectionbuilder-contentdm/browse.html#moscow,%20idaho"
"psychiana staff",16,"https://collectionbuilder.github.io/collectionbuilder-contentdm/browse.html#psychiana%20staff"
"psychiana, inc.",15,"https://collectionbuilder.github.io/collectionbuilder-contentdm/browse.html#psychiana,%20inc."
"god-power",13,"https://collectionbuilder.github.io/collectionbuilder-contentdm/browse.html#god-power"
"psychiana headquarters",13,"https://collectionbuilder.github.io/collectionbuilder-contentdm/browse.html#psychiana%20headquarters"
"spirit of god",11,"https://collectionbuilder.github.io/collectionbuilder-contentdm/browse.html#spirit%20of%20god"
"costs",11,"https://collectionbuilder.github.io/collectionbuilder-contentdm/browse.html#costs"
"robinson's books",11,"https://collectionbuilder.github.io/collectionbuilder-contentdm/browse.html#robinson's%20books"
"world war",8,"https://collectionbuilder.github.io/collectionbuilder-contentdm/browse.html#world%20war"
"illustrations",8,"https://collectionbuilder.github.io/collectionbuilder-contentdm/browse.html#illustrations"
"mailings",6,"https://collectionbuilder.github.io/collectionbuilder-contentdm/browse.html#mailings"
"material abundance",6,"https://collectionbuilder.github.io/collectionbuilder-contentdm/browse.html#material%20abundance"
"hitler",5,"https://collectionbuilder.github.io/collectionbuilder-contentdm/browse.html#hitler"
"god-law",5,"https://collectionbuilder.github.io/collectionbuilder-contentdm/browse.html#god-law"
"lessons",5,"https://collectionbuilder.github.io/collectionbuilder-contentdm/browse.html#lessons"
"jesus christ",5,"https://collectionbuilder.github.io/collectionbuilder-contentdm/browse.html#jesus%20christ"
"success",5,"https://collectionbuilder.github.io/collectionbuilder-contentdm/browse.html#success"
"middle-aged frank b. robinson",4,"https://collectionbuilder.github.io/collectionbuilder-contentdm/browse.html#middle-aged%20frank%20b.%20robinson"
"robinson's life",4,"https://collectionbuilder.github.io/collectionbuilder-contentdm/browse.html#robinson's%20life"
"god-realm",4,"https://collectionbuilder.github.io/collectionbuilder-contentdm/browse.html#god-realm"
"stephen bern dahlman",4,"https://collectionbuilder.github.io/collectionbuilder-contentdm/browse.html#stephen%20bern%20dahlman"
"spreading psychiana",4,"https://collectionbuilder.github.io/collectionbuilder-contentdm/browse.html#spreading%20psychiana"
"portraits",4,"https://collectionbuilder.github.io/collectionbuilder-contentdm/browse.html#portraits"
"psychiana affirmations",4,"https://collectionbuilder.github.io/collectionbuilder-contentdm/browse.html#psychiana%20affirmations"
"daily idahoan",4,"https://collectionbuilder.github.io/collectionbuilder-contentdm/browse.html#daily%20idahoan"
"testimonials",3,"https://collectionbuilder.github.io/collectionbuilder-contentdm/browse.html#testimonials"
"duesenberg convertible coupe",3,"https://collectionbuilder.github.io/collectionbuilder-contentdm/browse.html#duesenberg%20convertible%20coupe"
"payments",3,"https://collectionbuilder.github.io/collectionbuilder-contentdm/browse.html#payments"
"happiness",3,"https://collectionbuilder.github.io/collectionbuilder-contentdm/browse.html#happiness"
"atom bomb",3,"https://collectionbuilder.github.io/collectionbuilder-contentdm/browse.html#atom%20bomb"
"advertising",3,"https://collectionbuilder.github.io/collectionbuilder-contentdm/browse.html#advertising"
"psychiana growth",3,"https://collectionbuilder.github.io/collectionbuilder-contentdm/browse.html#psychiana%20growth"
"prayer",3,"https://collectionbuilder.github.io/collectionbuilder-contentdm/browse.html#prayer"
"los angeles",3,"https://collectionbuilder.github.io/collectionbuilder-contentdm/browse.html#los%20angeles"
"donations",2,"https://collectionbuilder.github.io/collectionbuilder-contentdm/browse.html#donations"
"ernest holmes",2,"https://collectionbuilder.github.io/collectionbuilder-contentdm/browse.html#ernest%20holmes"
"blitzkrieg",2,"https://collectionbuilder.github.io/collectionbuilder-contentdm/browse.html#blitzkrieg"
"membership",2,"https://collectionbuilder.github.io/collectionbuilder-contentdm/browse.html#membership"
"alfred b. robinson",2,"https://collectionbuilder.github.io/collectionbuilder-contentdm/browse.html#alfred%20b.%20robinson"
"lecture",2,"https://collectionbuilder.github.io/collectionbuilder-contentdm/browse.html#lecture"
"bills",2,"https://collectionbuilder.github.io/collectionbuilder-contentdm/browse.html#bills"
"finances",2,"https://collectionbuilder.github.io/collectionbuilder-contentdm/browse.html#finances"
"discounts",2,"https://collectionbuilder.github.io/collectionbuilder-contentdm/browse.html#discounts"
"expenses",2,"https://collectionbuilder.github.io/collectionbuilder-contentdm/browse.html#expenses"
"science and technology",2,"https://collectionbuilder.github.io/collectionbuilder-contentdm/browse.html#science%20and%20technology"
"movement",2,"https://collectionbuilder.github.io/collectionbuilder-contentdm/browse.html#movement"
"burdens",2,"https://collectionbuilder.github.io/collectionbuilder-contentdm/browse.html#burdens"
"living god",2,"https://collectionbuilder.github.io/collectionbuilder-contentdm/browse.html#living%20god"
"power  of god",2,"https://collectionbuilder.github.io/collectionbuilder-contentdm/browse.html#power%20%20of%20god"
"power of god",2,"https://collectionbuilder.github.io/collectionbuilder-contentdm/browse.html#power%20of%20god"
"obligations",2,"https://collectionbuilder.github.io/collectionbuilder-contentdm/browse.html#obligations"
"criticizing orthodox religion",2,"https://collectionbuilder.github.io/collectionbuilder-contentdm/browse.html#criticizing%20orthodox%20religion"
"talking with god",2,"https://collectionbuilder.github.io/collectionbuilder-contentdm/browse.html#talking%20with%20god"
"mussolini",2,"https://collectionbuilder.github.io/collectionbuilder-contentdm/browse.html#mussolini"
"students",2,"https://collectionbuilder.github.io/collectionbuilder-contentdm/browse.html#students"
"health",2,"https://collectionbuilder.github.io/collectionbuilder-contentdm/browse.html#health"
"delinquent",2,"https://collectionbuilder.github.io/collectionbuilder-contentdm/browse.html#delinquent"
"peace",2,"https://collectionbuilder.github.io/collectionbuilder-contentdm/browse.html#peace"
"psychiana origin",2,"https://collectionbuilder.github.io/collectionbuilder-contentdm/browse.html#psychiana%20origin"
"tenney, c.w.",2,"https://collectionbuilder.github.io/collectionbuilder-contentdm/browse.html#tenney,%20c.w."
"frank b. robinson",2,"https://collectionbuilder.github.io/collectionbuilder-contentdm/browse.html#frank%20b.%20robinson"
"teaching",1,"https://collectionbuilder.github.io/collectionbuilder-contentdm/browse.html#teaching"
"successful",1,"https://collectionbuilder.github.io/collectionbuilder-contentdm/browse.html#successful"
"spiritual abundance reason",1,"https://collectionbuilder.github.io/collectionbuilder-contentdm/browse.html#spiritual%20abundance%20reason"
"law",1,"https://collectionbuilder.github.io/collectionbuilder-contentdm/browse.html#law"
"failure",1,"https://collectionbuilder.github.io/collectionbuilder-contentdm/browse.html#failure"
"spokane",1,"https://collectionbuilder.github.io/collectionbuilder-contentdm/browse.html#spokane"
"remittance",1,"https://collectionbuilder.github.io/collectionbuilder-contentdm/browse.html#remittance"
"accounts",1,"https://collectionbuilder.github.io/collectionbuilder-contentdm/browse.html#accounts"
"axis",1,"https://collectionbuilder.github.io/collectionbuilder-contentdm/browse.html#axis"
"spiritual power",1,"https://collectionbuilder.github.io/collectionbuilder-contentdm/browse.html#spiritual%20power"
"hirohito",1,"https://collectionbuilder.github.io/collectionbuilder-contentdm/browse.html#hirohito"
"students exercises",1,"https://collectionbuilder.github.io/collectionbuilder-contentdm/browse.html#students%20exercises"
"life spirit",1,"https://collectionbuilder.github.io/collectionbuilder-contentdm/browse.html#life%20spirit"
"mircales",1,"https://collectionbuilder.github.io/collectionbuilder-contentdm/browse.html#mircales"
"healing",1,"https://collectionbuilder.github.io/collectionbuilder-contentdm/browse.html#healing"
"sudent letters",1,"https://collectionbuilder.github.io/collectionbuilder-contentdm/browse.html#sudent%20letters"
"crucified gods",1,"https://collectionbuilder.github.io/collectionbuilder-contentdm/browse.html#crucified%20gods"
"portland",1,"https://collectionbuilder.github.io/collectionbuilder-contentdm/browse.html#portland"
"cosmic rays",1,"https://collectionbuilder.github.io/collectionbuilder-contentdm/browse.html#cosmic%20rays"
"information",1,"https://collectionbuilder.github.io/collectionbuilder-contentdm/browse.html#information"
"student letters",1,"https://collectionbuilder.github.io/collectionbuilder-contentdm/browse.html#student%20letters"
"hardship",1,"https://collectionbuilder.github.io/collectionbuilder-contentdm/browse.html#hardship"
"good news",1,"https://collectionbuilder.github.io/collectionbuilder-contentdm/browse.html#good%20news"
"quality products",1,"https://collectionbuilder.github.io/collectionbuilder-contentdm/browse.html#quality%20products"
"organ",1,"https://collectionbuilder.github.io/collectionbuilder-contentdm/browse.html#organ"
"bible",1,"https://collectionbuilder.github.io/collectionbuilder-contentdm/browse.html#bible"
"questioning religion",1,"https://collectionbuilder.github.io/collectionbuilder-contentdm/browse.html#questioning%20religion"
"free",1,"https://collectionbuilder.github.io/collectionbuilder-contentdm/browse.html#free"
"talk with god",1,"https://collectionbuilder.github.io/collectionbuilder-contentdm/browse.html#talk%20with%20god"
"power",1,"https://collectionbuilder.github.io/collectionbuilder-contentdm/browse.html#power"
"electricity",1,"https://collectionbuilder.github.io/collectionbuilder-contentdm/browse.html#electricity"
"uncle sam",1,"https://collectionbuilder.github.io/collectionbuilder-contentdm/browse.html#uncle%20sam"
"niagara",1,"https://collectionbuilder.github.io/collectionbuilder-contentdm/browse.html#niagara"
"speak into existence",1,"https://collectionbuilder.github.io/collectionbuilder-contentdm/browse.html#speak%20into%20existence"
"john g. foster",1,"https://collectionbuilder.github.io/collectionbuilder-contentdm/browse.html#john%20g.%20foster"
"faith",1,"https://collectionbuilder.github.io/collectionbuilder-contentdm/browse.html#faith"
"letterheads",1,"https://collectionbuilder.github.io/collectionbuilder-contentdm/browse.html#letterheads"
"c.w. tenney",1,"https://collectionbuilder.github.io/collectionbuilder-contentdm/browse.html#c.w.%20tenney"
"psychiana pin",1,"https://collectionbuilder.github.io/collectionbuilder-contentdm/browse.html#psychiana%20pin"
"robinson's writings",1,"https://collectionbuilder.github.io/collectionbuilder-contentdm/browse.html#robinson's%20writings"
"psychiana journal",1,"https://collectionbuilder.github.io/collectionbuilder-contentdm/browse.html#psychiana%20journal"
"discount",1,"https://collectionbuilder.github.io/collectionbuilder-contentdm/browse.html#discount"
"members",1,"https://collectionbuilder.github.io/collectionbuilder-contentdm/browse.html#members"
"pearl bey robinson",1,"https://collectionbuilder.github.io/collectionbuilder-contentdm/browse.html#pearl%20bey%20robinson"
"order blank",1,"https://collectionbuilder.github.io/collectionbuilder-contentdm/browse.html#order%20blank"
"prices",1,"https://collectionbuilder.github.io/collectionbuilder-contentdm/browse.html#prices"
"psychiana publications",1,"https://collectionbuilder.github.io/collectionbuilder-contentdm/browse.html#psychiana%20publications"
"offer",1,"https://collectionbuilder.github.io/collectionbuilder-contentdm/browse.html#offer"
"problems",1,"https://collectionbuilder.github.io/collectionbuilder-contentdm/browse.html#problems"
"bookkeeping",1,"https://collectionbuilder.github.io/collectionbuilder-contentdm/browse.html#bookkeeping"
"drug store clerk",1,"https://collectionbuilder.github.io/collectionbuilder-contentdm/browse.html#drug%20store%20clerk"
"duty",1,"https://collectionbuilder.github.io/collectionbuilder-contentdm/browse.html#duty"
"the news review",1,"https://collectionbuilder.github.io/collectionbuilder-contentdm/browse.html#the%20news%20review"
"tenney",1,"https://collectionbuilder.github.io/collectionbuilder-contentdm/browse.html#tenney"
"public square",1,"https://collectionbuilder.github.io/collectionbuilder-contentdm/browse.html#public%20square"
"home",1,"https://collectionbuilder.github.io/collectionbuilder-contentdm/browse.html#home"
"pipe organ",1,"https://collectionbuilder.github.io/collectionbuilder-contentdm/browse.html#pipe%20organ"
"trust",1,"https://collectionbuilder.github.io/collectionbuilder-contentdm/browse.html#trust"
"territory",1,"https://collectionbuilder.github.io/collectionbuilder-contentdm/browse.html#territory"
"graduation",1,"https://collectionbuilder.github.io/collectionbuilder-contentdm/browse.html#graduation"
"psychiana quarterly",1,"https://collectionbuilder.github.io/collectionbuilder-contentdm/browse.html#psychiana%20quarterly"
"god power",1,"https://collectionbuilder.github.io/collectionbuilder-contentdm/browse.html#god%20power"
"b. e. bentley",1,"https://collectionbuilder.github.io/collectionbuilder-contentdm/browse.html#b.%20e.%20bentley"
"marcus bach",1,"https://collectionbuilder.github.io/collectionbuilder-contentdm/browse.html#marcus%20bach"
"money-making opportunity",1,"https://collectionbuilder.github.io/collectionbuilder-contentdm/browse.html#money-making%20opportunity"
"latah county",1,"https://collectionbuilder.github.io/collectionbuilder-contentdm/browse.html#latah%20county"
"farmers",1,"https://collectionbuilder.github.io/collectionbuilder-contentdm/browse.html#farmers"
"psychiana teachings",1,"https://collectionbuilder.github.io/collectionbuilder-contentdm/browse.html#psychiana%20teachings"
"application",1,"https://collectionbuilder.github.io/collectionbuilder-contentdm/browse.html#application"
"commission",1,"https://collectionbuilder.github.io/collectionbuilder-contentdm/browse.html#commission"
"auditorium",1,"https://collectionbuilder.github.io/collectionbuilder-contentdm/browse.html#auditorium"
"sales agent",1,"https://collectionbuilder.github.io/collectionbuilder-contentdm/browse.html#sales%20agent"
"young frank b. robinson",1,"https://collectionbuilder.github.io/collectionbuilder-contentdm/browse.html#young%20frank%20b.%20robinson"
"tommy burns",1,"https://collectionbuilder.github.io/collectionbuilder-contentdm/browse.html#tommy%20burns"
"celebrity friends",1,"https://collectionbuilder.github.io/collectionbuilder-contentdm/browse.html#celebrity%20friends"
"realm of god",1,"https://collectionbuilder.github.io/collectionbuilder-contentdm/browse.html#realm%20of%20god"
"science and science and technology",1,"https://collectionbuilder.github.io/collectionbuilder-contentdm/browse.html#science%20and%20science%20and%20technology"
"truth",1,"https://collectionbuilder.github.io/collectionbuilder-contentdm/browse.html#truth"
"robinson family",1,"https://collectionbuilder.github.io/collectionbuilder-contentdm/browse.html#robinson%20family"
"mail order religion",1,"https://collectionbuilder.github.io/collectionbuilder-contentdm/browse.html#mail%20order%20religion"
"doomed",1,"https://collectionbuilder.github.io/collectionbuilder-contentdm/browse.html#doomed"
"atomic war",1,"https://collectionbuilder.github.io/collectionbuilder-contentdm/browse.html#atomic%20war"
"hiroshima",1,"https://collectionbuilder.github.io/collectionbuilder-contentdm/browse.html#hiroshima"
"civilizations",1,"https://collectionbuilder.github.io/collectionbuilder-contentdm/browse.html#civilizations"
"allied forces",1,"https://collectionbuilder.github.io/collectionbuilder-contentdm/browse.html#allied%20forces"
"crucified god",1,"https://collectionbuilder.github.io/collectionbuilder-contentdm/browse.html#crucified%20god"
"sale agency",1,"https://collectionbuilder.github.io/collectionbuilder-contentdm/browse.html#sale%20agency"
"psychiana bulletin",1,"https://collectionbuilder.github.io/collectionbuilder-contentdm/browse.html#psychiana%20bulletin"
"psychiana criticism",1,"https://collectionbuilder.github.io/collectionbuilder-contentdm/browse.html#psychiana%20criticism"
"robinson's wealth",1,"https://collectionbuilder.github.io/collectionbuilder-contentdm/browse.html#robinson's%20wealth"
"church in decline",1,"https://collectionbuilder.github.io/collectionbuilder-contentdm/browse.html#church%20in%20decline"
"america",1,"https://collectionbuilder.github.io/collectionbuilder-contentdm/browse.html#america"
"freedom",1,"https://collectionbuilder.github.io/collectionbuilder-contentdm/browse.html#freedom"
"recruitment",1,"https://collectionbuilder.github.io/collectionbuilder-contentdm/browse.html#recruitment"
"commitment",1,"https://collectionbuilder.github.io/collectionbuilder-contentdm/browse.html#commitment"
"personal loans",1,"https://collectionbuilder.github.io/collectionbuilder-contentdm/browse.html#personal%20loans"
"sufficient",1,"https://collectionbuilder.github.io/collectionbuilder-contentdm/browse.html#sufficient"
"bank loans",1,"https://collectionbuilder.github.io/collectionbuilder-contentdm/browse.html#bank%20loans"
"wealth",1,"https://collectionbuilder.github.io/collectionbuilder-contentdm/browse.html#wealth"
"hardships",1,"https://collectionbuilder.github.io/collectionbuilder-contentdm/browse.html#hardships"
"w.w. debolt",1,"https://collectionbuilder.github.io/collectionbuilder-contentdm/browse.html#w.w.%20debolt"
"northwest public broadcasting",1,"https://collectionbuilder.github.io/collectionbuilder-contentdm/browse.html#northwest%20public%20broadcasting"
"doctrine parallels",1,"https://collectionbuilder.github.io/collectionbuilder-contentdm/browse.html#doctrine%20parallels"
"eternal life",1,"https://collectionbuilder.github.io/collectionbuilder-contentdm/browse.html#eternal%20life"
"religion",1,"https://collectionbuilder.github.io/collectionbuilder-contentdm/browse.html#religion"
"hill, marjorie",1,"https://collectionbuilder.github.io/collectionbuilder-contentdm/browse.html#hill,%20marjorie"
"the izzard company",1,"https://collectionbuilder.github.io/collectionbuilder-contentdm/browse.html#the%20izzard%20company"
"brooks, keith l.",1,"https://collectionbuilder.github.io/collectionbuilder-contentdm/browse.html#brooks,%20keith%20l."
"brown, james w., sr.",1,"https://collectionbuilder.github.io/collectionbuilder-contentdm/browse.html#brown,%20james%20w.,%20sr."
"allen, marilyn r.",1,"https://collectionbuilder.github.io/collectionbuilder-contentdm/browse.html#allen,%20marilyn%20r."
"zalmanoff",1,"https://collectionbuilder.github.io/collectionbuilder-contentdm/browse.html#zalmanoff"
"the wayfarer'",1,"https://collectionbuilder.github.io/collectionbuilder-contentdm/browse.html#the%20wayfarer'"
"various",1,"https://collectionbuilder.github.io/collectionbuilder-contentdm/browse.html#various"
"kobler, john",1,"https://collectionbuilder.github.io/collectionbuilder-contentdm/browse.html#kobler,%20john"
"pfc. zalmanoff",1,"https://collectionbuilder.github.io/collectionbuilder-contentdm/browse.html#pfc.%20zalmanoff"
